{
    "": "NASA/JPL Horizons System",
    "units": "km, seconds",
    "2024-04-01": {
        "sun_m": 1.998e30,
        "sun": {
            "x": 0.0,
            "y": 0.0,
            "z": 0.0,
            "vx": 0.0,
            "vy": 0.0,
            "vz": 0.0,
            "mass": 1.998e30
        },
        "mercury": {
            "x": -5.090219736614037E+07,
            "y": 1.881013939994777E+07,
            "z": 6.176955979625123E+06,
            "vx": -2.768024137541424E+01,
            "vy": -4.334723587805168E+01,
            "vz": -1.001793627963977E+00,
            "mass": 3.302E+23
        },
        "venus": {
            "x": 9.393888514581691E+07,
            "y":-5.328726607158900E+07,
            "z":-6.178930488316868E+06,
            "vx": 1.679942178625878E+01,
            "vy": 3.046391887359018E+01,
            "vz":-5.503748348533399E-01,
            "mass": 48.685E+23
        },
        "earth": {
            "x" :-1.476467629535616E+08,
            "y" :-3.012393646299043E+07,
            "z" : 3.363888752764277E+04,
            "vx": 5.412154607101387E+00,
            "vy":-2.932212716072667E+01,
            "vz": 1.775517448162844E-03,
            "mass": 5.97219E+24
        },
        "mars": {
            "x" : 1.394771135726703E+08,
            "y" :-1.538849140129597E+08,
            "z" :-6.631947480180815E+06 ,
            "vx": 1.878541950863836E+01,
            "vy": 1.843641075955774E+01,
            "vz":-7.405147780516153E-02,
            "mass": 6.4171E+23
        },
        "jupiter": {
            "x" : 4.420162504404740E+08,
            "y" : 6.027196501948078E+08,
            "z" :-1.238955346133450E+07,
            "vx":-1.068095369397891E+01,
            "vy": 8.347711653045955E+00,
            "vz": 2.043735206655044E-01,
            "mass": 1.89818722E+27
        },
        "saturn": {
            "x" : 1.367596588419568E+09,
            "y" :-4.856259003534338E+08,
            "z" :-4.600694784993502E+07 ,
            "vx": 2.692317504760616E+00,
            "vy": 9.083124176618773E+00,
            "vz":-2.648712981863834E-01,
            "mass": 5.6834E+26
        },
        "uranus": {
            "x" : 1.792056047999909E+09,
            "y" : 2.319077078177292E+09,
            "z" :-1.460332155142713E+07,
            "vx":-5.438519952354859E+00,
            "vy": 3.846629086318913E+00,
            "vz": 8.465463254281258E-02,
            "mass": 86.813E+24
        },
        "neptune": {
            "x" : 4.465331847243009E+09,
            "y" :-2.254280406477759E+08,
            "z" :-9.826592059625408E+07,
            "vx": 2.382307208309933E-01,
            "vy": 5.460039234233488E+00,
            "vz":-1.185281162799807E-01,
            "mass": 102.409E+24
        }
    }
}