{
    "": "NASA/JPL Horizons System",
    "units": "km, seconds",
    "2024-04-01": {
        "sun_m": 1.998e30,
        "sun": {
            "x": 0.0,
            "y": 0.0,
            "z": 0.0,
            "vx": 0.0,
            "vy": 0.0,
            "vz": 0.0,
            "mass": 1.9884e30
        },
        "mercury": {
            "x":-4.978097267684281E+07,
            "y":1.933616522515512E+07,
            "z":6.146244243923037E+06,
            "vx":-2.768983580764959E+01,
            "vy":-4.333623562563326E+01,
            "vz":-1.001678233735271E+00,
            "mass": 3.302E+23
        },
        "venus": {
            "x":9.506010983511446E+07,
            "y":-5.276124024638165E+07,
            "z":-6.209642224018957E+06,
            "vx":1.678982735402343E+01,
            "vy":3.047491912600859E+01,
            "vz":-5.502594406246342E-01,
            "mass": 48.685E+23
        },
        "earth": {
            "x":-1.465255382642640E+08,
            "y":-2.959791063778309E+07,
            "z":2.927151825554669E+03,
            "vx":5.402560174866036E+00,
            "vy":-2.931112690830825E+01,
            "vz":1.890911676868612E-03,
            "mass": 5.97219E+24
        },
        "mars": {
            "x":1.405983382619679E+08,
            "y":-1.533588881877523E+08,
            "z":-6.662659215882897E+06,
            "vx":1.877582507640301E+01,
            "vy":1.844741101197615E+01,
            "vz":-7.393608357645753E-02,
            "mass": 6.4171E+23
        },
        "jupiter": {
            "x":4.431374751297715E+08,
            "y":6.032456760200151E+08,
            "z":-1.242026519703659E+07,
            "vx":-1.069054812621426E+01,
            "vy":8.358711905464366E+00,
            "vz":2.044889148942093E-01,
            "mass": 1.89818722E+27
        },
        "saturn": {
            "x":1.368717813108865E+09,
            "y":-4.850998745282265E+08,
            "z":-4.603765958563712E+07,
            "vx":2.682723072525264E+00,
            "vy":9.094124429037183E+00,
            "vz":-2.647559039576786E-01,
            "mass": 5.6834E+26
        },
        "uranus": {
            "x":1.793177272689207E+09,
            "y":2.319603104002500E+09,
            "z":-1.463403328712928E+07,
            "vx":-5.448114384590211E+00,
            "vy":3.857629338737324E+00,
            "vz":8.477002677151768E-02,
            "mass": 86.813E+24
        },
        "neptune": {
            "x":4.466453037310224E+09,
            "y":-2.249020250054083E+08,
            "z":-9.829661306228583E+07,
            "vx":2.278972679632993E-01,
            "vy":5.470941827369806E+00,
            "vz":-1.178909169877866E-01,
            "mass": 102.409E+24
        },
        "moon": {
            "x":-1.465428363515526E+08,
            "y":-2.998100537728364E+07,
            "z":-3.087470288404450E+04,
            "vx":6.419800445314113E+00,
            "vy":-2.929786861329058E+01,
            "vz":-2.178026698455149E-02,
            "mass": 7.349E+22
        }
    }
}