{
  "": "NASA/JPL Horizons System",
  "2024-04-01": {
    "epoch": 2460401.5,
    "G": 6.67428e-11,
    "sun_m": 1.998e30,
    "mercury": {
      "EC": 2.056425143639690E-01,
      "IN": 7.003545974205552E+00,
      "OM": 4.830050559665931E+01,
      "W": 2.919461010305941E+01,
      "MA": 5.855133391455993E+01,
      "A": 5.790902133670771E+10,
      "PR": 8.796899104233705E+01,
      "mass": 3.302e23
    },
    "venus": {
      "EC": 6.752345996243814E-03,
      "IN": 3.394389000727600E+00,
      "OM": 7.661200360096724E+01,
      "W": 5.526300688182505E+01,
      "MA": 1.993741474370089E+02,
      "A": 1.082079879081049E+011,
      "PR": 2.246977685911977E+02,
      "mass": 48.685e23
    },
    "earth": {
      "EC": 1.705388782503938e-2,
      "IN": 3.786458626777290e-3,
      "OM": 1.741842543690981e2,
      "W": 2.882631983751306e2,
      "MA": 8.701915357614014e1,
      "A": 1.495742299166270e11,
      "PR": 3.651697716508388e2,
      "mass": 5.97219e24
    },
    "mars": {
      "EC": 9.327781525627456E-02,
      "IN": 1.847854041097652,
      "OM": 4.948929692445179e1,
      "W": 2.866734826426034e2,
      "MA": 3.403810346919736e2,
      "A": 2.279315258755679e11,
      "PR": 6.869368836399404e2,
      "mass": 6.4171e23
    },
    "jupiter": {
      "EC": 4.829810622783426E-02,
      "IN": 1.303656202967666E+00,
      "OM": 1.005142494438745E+02,
      "W": 2.734249434674765E+02,
      "MA": 3.631034268895706E+01,
      "A": 7.782321871627984E+11,
      "PR": 4.331785104972851E+03,
      "mass": 189818722e19
    },
    "saturn": {
      "IN": 2.489,
      "OM": 113.603,
      "W": 1,
      "PR": 1,
      "A": 9.5549,
      "EC": 0.0555,
      "MA": 253.185,
      "mass": 2.8589e-4
    },
    "uranus": {
      "IN": 0.773,
      "OM": 74.024,
      "W": 1,
      "PR": 1,
      "A": 19.2184,
      "EC": 0.0464,
      "MA": 244.910,
      "mass": 4.3662e-5
    },
    "neptune": {
      "IN": 1.770,
      "OM": 131.783,
      "W": 1,
      "PR": 1,
      "A": 30.1104,
      "EC": 0.0095,
      "MA": 309.193,
      "mass": 5.1514e-5
    }
  }
}