{
  "": "NASA/JPL Horizons System",
  "2024-04-01": {
    "epoch": 2460401.5,
    "G": 6.67428e-11,
    "sun_m": 1.998e30,
    "mercury": {
      "ec":2.056425143639690E-01,
      "in":7.003545974205552E+00,
      "om":4.830050559665931E+01,
      "w":2.919461010305941E+01,
      "ma":5.855133391455993E+01,
      "a":5.790902133670771E+07,
      "pr":7.600520826057921E+06,  
      "mass": 3.302E+23
    },
    "venus": {
      "ec":6.752345996243814E-03,
      "in":3.394389000727600E+00,
      "om":7.661200360096724E+01,
      "w":5.526300688182505E+01,
      "ma":1.993741474370089E+02,
      "a":1.082079879081049E+08,
      "pr":1.941388720627948E+07,
      "mass": 48.685E+23
    },
    "earth": {
      "ec":1.705388782503938E-02,
      "in":3.786458626777290E-03,
      "om":1.741842543690981E+02,
      "w":2.882631983751306E+02,
      "ma":8.701915357614014E+01,
      "a":1.495742299166270E+08,
      "pr":3.155066827063248E+07,
      "mass": 5.97219E+24
    },
    "mars": {
      "ec":9.327781525627456E-02,
      "in":1.847854041097652E+00,
      "om":4.948929692445179E+01,
      "w":2.866734826426034E+02,
      "ma":3.403810346919736E+02,
      "a":2.279315258755679E+08,
      "pr":5.935134674649086E+07,
      "mass": 6.4171E+23
    },
    "jupiter": {
      "ec":4.829810622783426E-02,
      "in":1.303656202967666E+00,
      "om":1.005142494438745E+02,
      "w":2.734249434674765E+02,
      "ma":3.631034268895706E+01,
      "a":7.782321871627984E+08,
      "pr":3.742662330696543E+08,
      "mass": 1.89818722E+27
    },
    "saturn": {
      "ec":5.496478288888070E-02,
      "in":2.486265042098633E+00,
      "om":1.135864047560622E+02,
      "w":3.361257908738661E+02,
      "ma":2.568264556455009E+02,
      "a":1.430929574632318E+09,
      "pr":9.334464017981271E+08,
      "mass": 5.6834E+26
    },
    "uranus": {
      "ec":4.474016618425926E-02,
      "in":7.711426631963658E-01,
      "om":7.406095514322642E+01,
      "w":9.072001478345780E+01,
      "ma":2.523084022743166E+02,
      "a":2.887542697742507E+09,
      "pr":2.676129919293622E+09,
      "mass": 86.813E+24
    },
    "neptune": {
      "ec":4.474016618425926E-02,
      "in":7.711426631963658E-01,
      "om":7.406095514322642E+01,
      "w":9.072001478345780E+01,
      "ma":2.523084022743166E+02,
      "a":2.887542697742507E+09,
      "pr":2.676129919293622E+09,
      "mass": 102.409E+24
    }
  }
}